PB0,PB1,PB2,PB3,GB0,GB1,GB2,GB3,CIN,CINB,PB_OUT,GB_OUT,CNX_OUT,CNY_OUT,CNZ_OUT,total_leakage
0,0,0,0,0,0,0,0,0,1,0,0,1,1,1,7590.378634820881
0,0,0,0,0,0,0,0,1,0,0,0,1,1,1,7671.928856245559
0,0,0,0,0,0,0,1,0,1,0,0,1,1,1,7492.9528001203935
0,0,0,0,0,0,0,1,1,0,0,0,1,1,1,7574.503021545071
0,0,0,0,0,0,1,0,0,1,0,0,1,1,1,7460.627359136268
0,0,0,0,0,0,1,0,1,0,0,0,1,1,1,7513.127998333864
0,0,0,0,0,0,1,1,0,1,0,0,1,1,1,7446.7228447992
0,0,0,0,0,0,1,1,1,0,0,0,1,1,1,7499.223483996796
0,0,0,0,0,1,0,0,0,1,0,0,1,1,1,7309.27651412935
0,0,0,0,0,1,0,0,1,0,0,0,1,1,1,7336.3549974176885
0,0,0,0,0,1,0,1,0,1,0,0,1,1,1,7211.850679428862
0,0,0,0,0,1,0,1,1,0,0,0,1,1,1,7238.929162717201
0,0,0,0,0,1,1,0,0,1,0,0,1,1,1,7272.124467065156
0,0,0,0,0,1,1,0,1,0,0,0,1,1,1,7270.153368126414
0,0,0,0,0,1,1,1,0,1,0,0,1,1,1,7258.219952728088
0,0,0,0,0,1,1,1,1,0,0,0,1,1,1,7256.248853789346
0,0,0,0,1,0,0,0,0,1,0,0,0,1,1,7331.214438812515
0,0,0,0,1,0,0,0,1,0,0,0,1,1,1,7398.386992042455
0,0,0,0,1,0,0,1,0,1,0,0,0,1,1,7233.788604112027
0,0,0,0,1,0,0,1,1,0,0,0,1,1,1,7300.961157341967
0,0,0,0,1,0,1,0,0,1,0,0,0,1,1,7201.463163127901
0,0,0,0,1,0,1,0,1,0,0,0,1,1,1,7239.586134130759
0,0,0,0,1,0,1,1,0,1,0,0,0,1,1,7187.558648790832
0,0,0,0,1,0,1,1,1,0,0,0,1,1,1,7225.6816197936905
0,0,0,0,1,1,0,0,0,1,0,0,0,0,1,7286.453852499167
0,0,0,0,1,1,0,0,1,0,0,0,1,1,1,7441.804698090363
0,0,0,0,1,1,0,1,0,1,0,0,0,0,1,7189.028017798679
0,0,0,0,1,1,0,1,1,0,0,0,1,1,1,7344.378863389875
0,0,0,0,1,1,1,0,0,1,0,0,0,0,0,7147.379265111997
0,0,0,0,1,1,1,0,1,0,0,0,1,1,1,7375.603068799087
0,0,0,0,1,1,1,1,0,1,0,1,0,0,0,7062.930278677953
0,0,0,0,1,1,1,1,1,0,0,1,1,1,1,7291.154082365043
0,0,0,1,0,0,0,0,0,1,1,0,1,1,1,7372.76771544837
0,0,0,1,0,0,0,0,1,0,1,0,1,1,1,7454.317936873047
0,0,0,1,0,0,0,1,0,1,1,1,1,1,1,7167.398579475282
0,0,0,1,0,0,0,1,1,0,1,1,1,1,1,7248.948800899959
0,0,0,1,0,0,1,0,0,1,1,0,1,1,1,7243.016439763756
0,0,0,1,0,0,1,0,1,0,1,0,1,1,1,7295.517078961352
0,0,0,1,0,0,1,1,0,1,1,1,1,1,1,7121.168624154089
0,0,0,1,0,0,1,1,1,0,1,1,1,1,1,7173.669263351684
0,0,0,1,0,1,0,0,0,1,1,0,1,1,1,7091.665594756839
0,0,0,1,0,1,0,0,1,0,1,0,1,1,1,7118.744078045177
0,0,0,1,0,1,0,1,0,1,1,1,1,1,1,6886.2964587837505
0,0,0,1,0,1,0,1,1,0,1,1,1,1,1,6913.374942072089
0,0,0,1,0,1,1,0,0,1,1,0,1,1,1,7054.513547692644
0,0,0,1,0,1,1,0,1,0,1,0,1,1,1,7052.542448753902
0,0,0,1,0,1,1,1,0,1,1,1,1,1,1,6932.665732082976
0,0,0,1,0,1,1,1,1,0,1,1,1,1,1,6930.694633144234
0,0,0,1,1,0,0,0,0,1,1,0,0,1,1,7113.603519440004
0,0,0,1,1,0,0,0,1,0,1,0,1,1,1,7180.7760726699435
0,0,0,1,1,0,0,1,0,1,1,1,0,1,1,6908.2343834669155
0,0,0,1,1,0,0,1,1,0,1,1,1,1,1,6975.406936696856
0,0,0,1,1,0,1,0,0,1,1,0,0,1,1,6983.852243755389
0,0,0,1,1,0,1,0,1,0,1,0,1,1,1,7021.975214758248
0,0,0,1,1,0,1,1,0,1,1,1,0,1,1,6862.00442814572
0,0,0,1,1,0,1,1,1,0,1,1,1,1,1,6900.127399148579
0,0,0,1,1,1,0,0,0,1,1,0,0,0,1,7068.842933126655
0,0,0,1,1,1,0,0,1,0,1,0,1,1,1,7224.193778717851
0,0,0,1,1,1,0,1,0,1,1,1,0,0,1,6863.473797153568
0,0,0,1,1,1,0,1,1,0,1,1,1,1,1,7018.824642744764
0,0,0,1,1,1,1,0,0,1,1,0,0,0,0,6929.768345739485
0,0,0,1,1,1,1,0,1,0,1,0,1,1,1,7157.992149426575
0,0,0,1,1,1,1,1,0,1,1,1,0,0,0,6791.847796169181
0,0,0,1,1,1,1,1,1,0,1,1,1,1,1,7020.07159985627
0,0,1,0,0,0,0,0,0,1,1,0,1,1,1,7169.8966995564315
0,0,1,0,0,0,0,0,1,0,1,0,1,1,1,7251.446920981109
0,0,1,0,0,0,0,1,0,1,1,0,1,1,1,7282.60822014314
0,0,1,0,0,0,0,1,1,0,1,0,1,1,1,7364.158441567817
0,0,1,0,0,0,1,0,0,1,1,0,1,1,0,6955.295792509557
0,0,1,0,0,0,1,0,1,0,1,0,1,1,0,7007.796431707153
0,0,1,0,0,0,1,1,0,1,1,1,1,1,0,6912.341695945409
0,0,1,0,0,0,1,1,1,0,1,1,1,1,0,6964.842335143004
0,0,1,0,0,1,0,0,0,1,1,0,1,1,1,6888.7945788649
0,0,1,0,0,1,0,0,1,0,1,0,1,1,1,6915.873062153239
0,0,1,0,0,1,0,1,0,1,1,0,1,1,1,7001.506099451609
0,0,1,0,0,1,0,1,1,0,1,0,1,1,1,7028.584582739947
0,0,1,0,0,1,1,0,0,1,1,0,1,1,0,6766.792900438446
0,0,1,0,0,1,1,0,1,0,1,0,1,1,0,6764.821801499704
0,0,1,0,0,1,1,1,0,1,1,1,1,1,0,6723.838803874298
0,0,1,0,0,1,1,1,1,0,1,1,1,1,0,6721.867704935556
0,0,1,0,1,0,0,0,0,1,1,0,0,1,1,6910.732503548065
0,0,1,0,1,0,0,0,1,0,1,0,1,1,1,6977.905056778005
0,0,1,0,1,0,0,1,0,1,1,0,0,1,1,7023.444024134774
0,0,1,0,1,0,0,1,1,0,1,0,1,1,1,7090.6165773647135
0,0,1,0,1,0,1,0,0,1,1,0,0,1,0,6696.13159650119
0,0,1,0,1,0,1,0,1,0,1,0,1,1,0,6734.254567504048
0,0,1,0,1,0,1,1,0,1,1,1,0,1,0,6653.17749993704
0,0,1,0,1,0,1,1,1,0,1,1,1,1,0,6691.300470939898
0,0,1,0,1,1,0,0,0,1,1,0,0,0,1,6865.971917234716
0,0,1,0,1,1,0,0,1,0,1,0,1,1,1,7021.322762825913
0,0,1,0,1,1,0,1,0,1,1,0,0,0,1,6978.683437821424
0,0,1,0,1,1,0,1,1,0,1,0,1,1,1,7134.034283412621
0,0,1,0,1,1,1,0,0,1,1,0,0,0,0,6727.897504847624
0,0,1,0,1,1,1,0,1,0,1,0,1,1,0,6870.271502172377
0,0,1,0,1,1,1,1,0,1,1,1,0,0,0,6668.870674322838
0,0,1,0,1,1,1,1,1,0,1,1,1,1,0,6811.2446716475915
0,0,1,1,0,0,0,0,0,1,1,0,1,1,1,7199.61844040335
0,0,1,1,0,0,0,0,1,0,1,0,1,1,1,7281.168661828027
0,0,1,1,0,0,0,1,0,1,1,1,1,1,1,7204.386659717459
0,0,1,1,0,0,0,1,1,0,1,1,1,1,1,7285.936881142136
0,0,1,1,0,0,1,0,0,1,1,0,1,1,0,6985.017533356476
0,0,1,1,0,0,1,0,1,0,1,0,1,1,0,7037.5181725540715
0,0,1,1,0,0,1,1,0,1,1,1,1,1,0,7044.257490806925
0,0,1,1,0,0,1,1,1,0,1,1,1,1,0,7096.758130004519
0,0,1,1,0,1,0,0,0,1,1,0,1,1,1,6918.516319711819
0,0,1,1,0,1,0,0,1,0,1,0,1,1,1,6945.594803000157
0,0,1,1,0,1,0,1,0,1,1,1,1,1,1,6923.284539025928
0,0,1,1,0,1,0,1,1,0,1,1,1,1,1,6950.363022314266
0,0,1,1,0,1,1,0,0,1,1,0,1,1,0,6796.514641285365
0,0,1,1,0,1,1,0,1,0,1,0,1,1,0,6794.543542346622
0,0,1,1,0,1,1,1,0,1,1,1,1,1,0,6855.7545987358135
0,0,1,1,0,1,1,1,1,0,1,1,1,1,0,6853.783499797071
0,0,1,1,1,0,0,0,0,1,1,0,0,1,1,6940.454244394984
0,0,1,1,1,0,0,0,1,0,1,0,1,1,1,7007.626797624924
0,0,1,1,1,0,0,1,0,1,1,1,0,1,1,6945.222463709093
0,0,1,1,1,0,0,1,1,0,1,1,1,1,1,7012.395016939032
0,0,1,1,1,0,1,0,0,1,1,0,0,1,0,6725.853337348109
0,0,1,1,1,0,1,0,1,0,1,0,1,1,0,6763.976308350967
0,0,1,1,1,0,1,1,0,1,1,1,0,1,0,6785.093294798556
0,0,1,1,1,0,1,1,1,0,1,1,1,1,0,6823.216265801414
0,0,1,1,1,1,0,0,0,1,1,0,0,0,1,6895.693658081635
0,0,1,1,1,1,0,0,1,0,1,0,1,1,1,7051.0445036728315
0,0,1,1,1,1,0,1,0,1,1,1,0,0,1,6900.461877395744
0,0,1,1,1,1,0,1,1,0,1,1,1,1,1,7055.81272298694
0,0,1,1,1,1,1,0,0,1,1,0,0,0,0,6757.619245694543
0,0,1,1,1,1,1,0,1,0,1,0,1,1,0,6899.993243019296
0,0,1,1,1,1,1,1,0,1,1,1,0,0,0,6800.786469184352
0,0,1,1,1,1,1,1,1,0,1,1,1,1,0,6943.160466509106
0,1,0,0,0,0,0,0,0,1,1,0,1,1,1,7257.664802615559
0,1,0,0,0,0,0,0,1,0,1,0,1,1,1,7339.215024040237
0,1,0,0,0,0,0,1,0,1,1,0,1,1,1,7189.288550142152
0,1,0,0,0,0,0,1,1,0,1,0,1,1,1,7270.8387715668305
0,1,0,0,0,0,1,0,0,1,1,0,1,1,1,7182.385265067284
0,1,0,0,0,0,1,0,1,0,1,0,1,1,1,7234.885904264881
0,1,0,0,0,0,1,1,0,1,1,0,1,1,1,7197.530332957298
0,1,0,0,0,0,1,1,1,0,1,0,1,1,1,7250.030972154895
0,1,0,0,0,1,0,0,0,1,1,0,1,0,1,7245.471360285224
0,1,0,0,0,1,0,0,1,0,1,0,1,0,1,7272.549843573563
0,1,0,0,0,1,0,1,0,1,1,0,1,0,1,7177.095107811817
0,1,0,0,0,1,0,1,1,0,1,0,1,0,1,7204.173591100155
0,1,0,0,0,1,1,0,0,1,1,0,1,0,0,6992.226045617092
0,1,0,0,0,1,1,0,1,0,1,0,1,0,0,6990.254946678349
0,1,0,0,0,1,1,1,0,1,1,1,1,0,0,6927.748733153129
0,1,0,0,0,1,1,1,1,0,1,1,1,0,0,6925.777634214387
0,1,0,0,1,0,0,0,0,1,1,0,0,1,1,6998.500606607194
0,1,0,0,1,0,0,0,1,0,1,0,1,1,1,7065.6731598371325
0,1,0,0,1,0,0,1,0,1,1,0,0,1,1,6930.124354133787
0,1,0,0,1,0,0,1,1,0,1,0,1,1,1,6997.296907363726
0,1,0,0,1,0,1,0,0,1,1,0,0,1,1,6923.221069058918
0,1,0,0,1,0,1,0,1,0,1,0,1,1,1,6961.344040061776
0,1,0,0,1,0,1,1,0,1,1,0,0,1,1,6938.366136948931
0,1,0,0,1,0,1,1,1,0,1,0,1,1,1,6976.489107951788
0,1,0,0,1,1,0,0,0,1,1,0,0,0,1,7254.026766881041
0,1,0,0,1,1,0,0,1,0,1,0,1,0,1,7377.999544246238
0,1,0,0,1,1,0,1,0,1,1,0,0,0,1,7185.650514407634
0,1,0,0,1,1,0,1,1,0,1,0,1,0,1,7309.62329177283
0,1,0,0,1,1,1,0,0,1,1,0,0,0,0,6984.708718252271
0,1,0,0,1,1,1,0,1,0,1,0,1,0,0,7095.704647351024
0,1,0,0,1,1,1,1,0,1,1,1,0,0,0,7097.0195939107625
0,1,0,0,1,1,1,1,1,0,1,1,1,0,0,7208.015523009515
0,1,0,1,0,0,0,0,0,1,1,0,1,1,1,7094.525621379386
0,1,0,1,0,0,0,0,1,0,1,0,1,1,1,7176.075842804064
0,1,0,1,0,0,0,1,0,1,1,1,1,1,1,6918.20606763338
0,1,0,1,0,0,0,1,1,0,1,1,1,1,1,6999.7562890580575
0,1,0,1,0,0,1,0,0,1,1,0,1,1,1,7019.246083831112
0,1,0,1,0,0,1,0,1,0,1,0,1,1,1,7071.746723028708
0,1,0,1,0,0,1,1,0,1,1,1,1,1,1,6926.447850448525
0,1,0,1,0,0,1,1,1,0,1,1,1,1,1,6978.948489646122
0,1,0,1,0,1,0,0,0,1,1,0,1,0,1,7082.332179049052
0,1,0,1,0,1,0,0,1,0,1,0,1,0,1,7109.41066233739
0,1,0,1,0,1,0,1,0,1,1,1,1,0,1,6906.012625303045
0,1,0,1,0,1,0,1,1,0,1,1,1,0,1,6933.091108591383
0,1,0,1,0,1,1,0,0,1,1,0,1,0,0,6829.086864380919
0,1,0,1,0,1,1,0,1,0,1,0,1,0,0,6827.115765442177
0,1,0,1,0,1,1,1,0,1,1,1,1,0,0,6711.137988780695
0,1,0,1,0,1,1,1,1,0,1,1,1,0,0,6709.166889841953
0,1,0,1,1,0,0,0,0,1,1,0,0,1,1,6835.361425371021
0,1,0,1,1,0,0,0,1,0,1,0,1,1,1,6902.53397860096
0,1,0,1,1,0,0,1,0,1,1,1,0,1,1,6659.041871625014
0,1,0,1,1,0,0,1,1,0,1,1,1,1,1,6726.214424854953
0,1,0,1,1,0,1,0,0,1,1,0,0,1,1,6760.081887822746
0,1,0,1,1,0,1,0,1,0,1,0,1,1,1,6798.204858825603
0,1,0,1,1,0,1,1,0,1,1,1,0,1,1,6667.283654440158
0,1,0,1,1,0,1,1,1,0,1,1,1,1,1,6705.406625443016
0,1,0,1,1,1,0,0,0,1,1,0,0,0,1,7090.8875856448685
0,1,0,1,1,1,0,0,1,0,1,0,1,0,1,7214.860363010065
0,1,0,1,1,1,0,1,0,1,1,1,0,0,1,6914.568031898861
0,1,0,1,1,1,0,1,1,0,1,1,1,0,1,7038.540809264058
0,1,0,1,1,1,1,0,0,1,1,0,0,0,0,6821.569537016098
0,1,0,1,1,1,1,0,1,0,1,0,1,0,0,6932.565466114851
0,1,0,1,1,1,1,1,0,1,1,1,0,0,0,6880.4088495383285
0,1,0,1,1,1,1,1,1,0,1,1,1,0,0,6991.404778637082
0,1,1,0,0,0,0,0,0,1,1,0,1,1,1,6891.654605487447
0,1,1,0,0,0,0,0,1,0,1,0,1,1,1,6973.204826912125
0,1,1,0,0,0,0,1,0,1,1,0,1,1,1,7033.415708301237
0,1,1,0,0,0,0,1,1,0,1,0,1,1,1,7114.965929725915
0,1,1,0,0,0,1,0,0,1,1,0,1,1,0,6731.525436576912
0,1,1,0,0,0,1,0,1,0,1,0,1,1,0,6784.026075774509
0,1,1,0,0,0,1,1,0,1,1,1,1,1,0,6717.620922239845
0,1,1,0,0,0,1,1,1,0,1,1,1,1,0,6770.121561437441
0,1,1,0,0,1,0,0,0,1,1,0,1,0,1,6879.461163157113
0,1,1,0,0,1,0,0,1,0,1,0,1,0,1,6906.539646445452
0,1,1,0,0,1,0,1,0,1,1,0,1,0,1,7021.222265970902
0,1,1,0,0,1,0,1,1,0,1,0,1,0,1,7048.300749259241
0,1,1,0,0,1,1,0,0,1,1,0,1,0,0,6782.881640639916
0,1,1,0,0,1,1,0,1,0,1,0,1,0,0,6780.910541701174
0,1,1,0,0,1,1,1,0,1,1,1,1,0,0,6743.8264840852125
0,1,1,0,0,1,1,1,1,0,1,1,1,0,0,6741.85538514647
0,1,1,0,1,0,0,0,0,1,1,0,0,1,1,6632.490409479082
0,1,1,0,1,0,0,0,1,0,1,0,1,1,1,6699.662962709021
0,1,1,0,1,0,0,1,0,1,1,0,0,1,1,6774.251512292872
0,1,1,0,1,0,0,1,1,0,1,0,1,1,1,6841.42406552281
0,1,1,0,1,0,1,0,0,1,1,0,0,1,0,6472.361240568546
0,1,1,0,1,0,1,0,1,0,1,0,1,1,0,6510.484211571404
0,1,1,0,1,0,1,1,0,1,1,1,0,1,0,6458.456726231478
0,1,1,0,1,0,1,1,1,0,1,1,1,1,0,6496.579697234336
0,1,1,0,1,1,0,0,0,1,1,0,0,0,1,6888.016569752929
0,1,1,0,1,1,0,0,1,0,1,0,1,0,1,7011.989347118127
0,1,1,0,1,1,0,1,0,1,1,0,0,0,1,7029.777672566718
0,1,1,0,1,1,0,1,1,0,1,0,1,0,1,7153.750449931916
0,1,1,0,1,1,1,0,0,1,1,0,0,0,0,6775.364313275096
0,1,1,0,1,1,1,0,1,0,1,0,1,0,0,6886.360242373848
0,1,1,0,1,1,1,1,0,1,1,1,0,0,0,6913.097344842846
0,1,1,0,1,1,1,1,1,0,1,1,1,0,0,7024.0932739415975
0,1,1,1,0,0,0,0,0,1,1,0,1,1,1,6921.376346334366
0,1,1,1,0,0,0,0,1,0,1,0,1,1,1,7002.926567759044
0,1,1,1,0,0,0,1,0,1,1,1,1,1,1,6955.194147875556
0,1,1,1,0,0,0,1,1,0,1,1,1,1,1,7036.744369300233
0,1,1,1,0,0,1,0,0,1,1,0,1,1,0,6761.247177423831
0,1,1,1,0,0,1,0,1,0,1,0,1,1,0,6813.747816621428
0,1,1,1,0,0,1,1,0,1,1,1,1,1,0,6849.53671710136
0,1,1,1,0,0,1,1,1,0,1,1,1,1,0,6902.037356298957
0,1,1,1,0,1,0,0,0,1,1,0,1,0,1,6909.182904004032
0,1,1,1,0,1,0,0,1,0,1,0,1,0,1,6936.26138729237
0,1,1,1,0,1,0,1,0,1,1,1,1,0,1,6943.000705545221
0,1,1,1,0,1,0,1,1,0,1,1,1,0,1,6970.079188833559
0,1,1,1,0,1,1,0,0,1,1,0,1,0,0,6812.603381486835
0,1,1,1,0,1,1,0,1,0,1,0,1,0,0,6810.632282548093
0,1,1,1,0,1,1,1,0,1,1,1,1,0,0,6875.742278946727
0,1,1,1,0,1,1,1,1,0,1,1,1,0,0,6873.771180007985
0,1,1,1,1,0,0,0,0,1,1,0,0,1,1,6662.2121503260005
0,1,1,1,1,0,0,0,1,0,1,0,1,1,1,6729.384703555939
0,1,1,1,1,0,0,1,0,1,1,1,0,1,1,6696.02995186719
0,1,1,1,1,0,0,1,1,0,1,1,1,1,1,6763.202505097129
0,1,1,1,1,0,1,0,0,1,1,0,0,1,0,6502.082981415465
0,1,1,1,1,0,1,0,1,0,1,0,1,1,0,6540.205952418322
0,1,1,1,1,0,1,1,0,1,1,1,0,1,0,6590.372521092993
0,1,1,1,1,0,1,1,1,0,1,1,1,1,0,6628.495492095852
0,1,1,1,1,1,0,0,0,1,1,0,0,0,1,6917.738310599848
0,1,1,1,1,1,0,0,1,0,1,0,1,0,1,7041.711087965045
0,1,1,1,1,1,0,1,0,1,1,1,0,0,1,6951.5561121410365
0,1,1,1,1,1,0,1,1,0,1,1,1,0,1,7075.528889506234
0,1,1,1,1,1,1,0,0,1,1,0,0,0,0,6805.0860541220145
0,1,1,1,1,1,1,0,1,0,1,0,1,0,0,6916.081983220767
0,1,1,1,1,1,1,1,0,1,1,1,0,0,0,7045.0131397043615
0,1,1,1,1,1,1,1,1,0,1,1,1,0,0,7156.009068803113
1,0,0,0,0,0,0,0,0,1,1,0,1,1,1,7248.586894358559
1,0,0,0,0,0,0,0,1,0,1,0,1,1,1,7330.137115783237
1,0,0,0,0,0,0,1,0,1,1,0,1,1,1,7151.161059658071
1,0,0,0,0,0,0,1,1,0,1,0,1,1,1,7232.711281082749
1,0,0,0,0,0,1,0,0,1,1,0,1,1,1,7147.885200901026
1,0,0,0,0,0,1,0,1,0,1,0,1,1,1,7200.385840098624
1,0,0,0,0,0,1,1,0,1,1,0,1,1,1,7133.980686563958
1,0,0,0,0,0,1,1,1,0,1,0,1,1,1,7186.481325761556
1,0,0,0,0,1,0,0,0,1,1,0,1,1,1,7021.956511803367
1,0,0,0,0,1,0,0,1,0,1,0,1,1,1,7049.034995091706
1,0,0,0,0,1,0,1,0,1,1,0,1,1,1,6924.530677102879
1,0,0,0,0,1,0,1,1,0,1,0,1,1,1,6951.609160391218
1,0,0,0,0,1,1,0,0,1,1,0,1,1,1,7013.854046966254
1,0,0,0,0,1,1,0,1,0,1,0,1,1,1,7011.882948027512
1,0,0,0,0,1,1,1,0,1,1,0,1,1,1,6999.949532629186
1,0,0,0,0,1,1,1,1,0,1,0,1,1,1,6997.978433690444
1,0,0,0,1,0,0,0,0,1,1,0,0,1,1,7301.754107651987
1,0,0,0,1,0,0,0,1,0,1,0,0,1,1,7217.56062866873
1,0,0,0,1,0,0,1,0,1,1,0,0,1,1,7204.3282729514995
1,0,0,0,1,0,0,1,1,0,1,0,0,1,1,7120.134793968242
1,0,0,0,1,0,1,0,0,1,1,0,0,1,1,7201.052414194454
1,0,0,0,1,0,1,0,1,0,1,0,0,1,1,7087.809352984115
1,0,0,0,1,0,1,1,0,1,1,0,0,1,1,7187.147899857386
1,0,0,0,1,0,1,1,1,0,1,0,0,1,1,7073.904838647047
1,0,0,0,1,1,0,0,0,1,1,0,0,0,1,7298.488411208534
1,0,0,0,1,1,0,0,1,0,1,0,0,0,1,7271.095156360533
1,0,0,0,1,1,0,1,0,1,1,0,0,0,1,7201.062576508046
1,0,0,0,1,1,0,1,1,0,1,0,0,0,1,7173.669321660045
1,0,0,0,1,1,1,0,0,1,1,0,0,0,0,7356.1736859139
1,0,0,0,1,1,1,0,1,0,1,0,0,0,0,7122.942660716363
1,0,0,0,1,1,1,1,0,1,1,1,0,0,0,7271.724699479856
1,0,0,0,1,1,1,1,1,0,1,1,0,0,0,7038.493674282319
1,0,0,1,0,0,0,0,0,1,1,0,1,1,1,7085.447713122387
1,0,0,1,0,0,0,0,1,0,1,0,1,1,1,7166.997934547065
1,0,0,1,0,0,0,1,0,1,1,1,1,1,1,6880.078577149299
1,0,0,1,0,0,0,1,1,0,1,1,1,1,1,6961.628798573976
1,0,0,1,0,0,1,0,0,1,1,0,1,1,1,6984.7460196648535
1,0,0,1,0,0,1,0,1,0,1,0,1,1,1,7037.246658862451
1,0,0,1,0,0,1,1,0,1,1,1,1,1,1,6862.8982040551855
1,0,0,1,0,0,1,1,1,0,1,1,1,1,1,6915.398843252784
1,0,0,1,0,1,0,0,0,1,1,0,1,1,1,6858.817330567194
1,0,0,1,0,1,0,0,1,0,1,0,1,1,1,6885.895813855534
1,0,0,1,0,1,0,1,0,1,1,1,1,1,1,6653.448194594107
1,0,0,1,0,1,0,1,1,0,1,1,1,1,1,6680.526677882445
1,0,0,1,0,1,1,0,0,1,1,0,1,1,1,6850.714865730081
1,0,0,1,0,1,1,0,1,0,1,0,1,1,1,6848.743766791339
1,0,0,1,0,1,1,1,0,1,1,1,1,1,1,6728.867050120413
1,0,0,1,0,1,1,1,1,0,1,1,1,1,1,6726.895951181671
1,0,0,1,1,0,0,0,0,1,1,0,0,1,1,7138.614926415815
1,0,0,1,1,0,0,0,1,0,1,0,0,1,1,7054.421447432557
1,0,0,1,1,0,0,1,0,1,1,1,0,1,1,6933.245790442727
1,0,0,1,1,0,0,1,1,0,1,1,0,1,1,6849.05231145947
1,0,0,1,1,0,1,0,0,1,1,0,0,1,1,7037.913232958282
1,0,0,1,1,0,1,0,1,0,1,0,0,1,1,6924.670171747943
1,0,0,1,1,0,1,1,0,1,1,1,0,1,1,6916.065417348613
1,0,0,1,1,0,1,1,1,0,1,1,0,1,1,6802.822356138275
1,0,0,1,1,1,0,0,0,1,1,0,0,0,1,7135.349229972361
1,0,0,1,1,1,0,0,1,0,1,0,0,0,1,7107.9559751243605
1,0,0,1,1,1,0,1,0,1,1,1,0,0,1,6929.980093999273
1,0,0,1,1,1,0,1,1,0,1,1,0,0,1,6902.586839151272
1,0,0,1,1,1,1,0,0,1,1,0,0,0,0,7193.034504677727
1,0,0,1,1,1,1,0,1,0,1,0,0,0,0,6959.803479480191
1,0,0,1,1,1,1,1,0,1,1,1,0,0,0,7055.113955107422
1,0,0,1,1,1,1,1,1,0,1,1,0,0,0,6821.882929909886
1,0,1,0,0,0,0,0,0,1,1,0,1,1,1,6882.576697230448
1,0,1,0,0,0,0,0,1,0,1,0,1,1,1,6964.126918655126
1,0,1,0,0,0,0,1,0,1,1,0,1,1,1,6995.288217817157
1,0,1,0,0,0,0,1,1,0,1,0,1,1,1,7076.838439241835
1,0,1,0,0,0,1,0,0,1,1,0,1,1,0,6697.025372410654
1,0,1,0,0,0,1,0,1,0,1,0,1,1,0,6749.526011608252
1,0,1,0,0,0,1,1,0,1,1,1,1,1,0,6654.071275846505
1,0,1,0,0,0,1,1,1,0,1,1,1,1,0,6706.571915044104
1,0,1,0,0,1,0,0,0,1,1,0,1,1,1,6655.946314675256
1,0,1,0,0,1,0,0,1,0,1,0,1,1,1,6683.024797963594
1,0,1,0,0,1,0,1,0,1,1,0,1,1,1,6768.6578352619645
1,0,1,0,0,1,0,1,1,0,1,0,1,1,1,6795.736318550303
1,0,1,0,0,1,1,0,0,1,1,0,1,1,0,6562.994218475883
1,0,1,0,0,1,1,0,1,0,1,0,1,1,0,6561.023119537141
1,0,1,0,0,1,1,1,0,1,1,1,1,1,0,6520.040121911735
1,0,1,0,0,1,1,1,1,0,1,1,1,1,0,6518.069022972993
1,0,1,0,1,0,0,0,0,1,1,0,0,1,1,6935.743910523876
1,0,1,0,1,0,0,0,1,0,1,0,0,1,1,6851.550431540619
1,0,1,0,1,0,0,1,0,1,1,0,0,1,1,7048.455431110585
1,0,1,0,1,0,0,1,1,0,1,0,0,1,1,6964.261952127327
1,0,1,0,1,0,1,0,0,1,1,0,0,1,0,6750.192585704082
1,0,1,0,1,0,1,0,1,0,1,0,0,1,0,6636.949524493743
1,0,1,0,1,0,1,1,0,1,1,1,0,1,0,6707.238489139932
1,0,1,0,1,0,1,1,1,0,1,1,0,1,0,6593.995427929594
1,0,1,0,1,1,0,0,0,1,1,0,0,0,1,6932.478214080422
1,0,1,0,1,1,0,0,1,0,1,0,0,0,1,6905.084959232422
1,0,1,0,1,1,0,1,0,1,1,0,0,0,1,7045.18973466713
1,0,1,0,1,1,0,1,1,0,1,0,0,0,1,7017.796479819131
1,0,1,0,1,1,1,0,0,1,1,0,0,0,0,6991.163663785866
1,0,1,0,1,1,1,0,1,0,1,0,0,0,0,6757.9326385883305
1,0,1,0,1,1,1,1,0,1,1,1,0,0,0,6932.136833261081
1,0,1,0,1,1,1,1,1,0,1,1,0,0,0,6698.905808063545
1,0,1,1,0,0,0,0,0,1,1,0,1,1,1,6912.298438077367
1,0,1,1,0,0,0,0,1,0,1,0,1,1,1,6993.848659502045
1,0,1,1,0,0,0,1,0,1,1,1,1,1,1,6917.066657391475
1,0,1,1,0,0,0,1,1,0,1,1,1,1,1,6998.616878816154
1,0,1,1,0,0,1,0,0,1,1,0,1,1,0,6726.747113257573
1,0,1,1,0,0,1,0,1,0,1,0,1,1,0,6779.2477524551705
1,0,1,1,0,0,1,1,0,1,1,1,1,1,0,6785.987070708021
1,0,1,1,0,0,1,1,1,0,1,1,1,1,0,6838.487709905619
1,0,1,1,0,1,0,0,0,1,1,0,1,1,1,6685.668055522175
1,0,1,1,0,1,0,0,1,0,1,0,1,1,1,6712.746538810513
1,0,1,1,0,1,0,1,0,1,1,1,1,1,1,6690.436274836283
1,0,1,1,0,1,0,1,1,0,1,1,1,1,1,6717.514758124621
1,0,1,1,0,1,1,0,0,1,1,0,1,1,0,6592.715959322802
1,0,1,1,0,1,1,0,1,0,1,0,1,1,0,6590.744860384059
1,0,1,1,0,1,1,1,0,1,1,1,1,1,0,6651.9559167732505
1,0,1,1,0,1,1,1,1,0,1,1,1,1,0,6649.984817834508
1,0,1,1,1,0,0,0,0,1,1,0,0,1,1,6965.465651370795
1,0,1,1,1,0,0,0,1,0,1,0,0,1,1,6881.2721723875375
1,0,1,1,1,0,0,1,0,1,1,1,0,1,1,6970.233870684903
1,0,1,1,1,0,0,1,1,0,1,1,0,1,1,6886.040391701646
1,0,1,1,1,0,1,0,0,1,1,0,0,1,0,6779.914326551001
1,0,1,1,1,0,1,0,1,0,1,0,0,1,0,6666.671265340662
1,0,1,1,1,0,1,1,0,1,1,1,0,1,0,6839.154284001448
1,0,1,1,1,0,1,1,1,0,1,1,0,1,0,6725.91122279111
1,0,1,1,1,1,0,0,0,1,1,0,0,0,1,6962.1999549273405
1,0,1,1,1,1,0,0,1,0,1,0,0,0,1,6934.806700079341
1,0,1,1,1,1,0,1,0,1,1,1,0,0,1,6966.968174241449
1,0,1,1,1,1,0,1,1,0,1,1,0,0,1,6939.57491939345
1,0,1,1,1,1,1,0,0,1,1,0,0,0,0,7020.885404632785
1,0,1,1,1,1,1,0,1,0,1,0,0,0,0,6787.654379435249
1,0,1,1,1,1,1,1,0,1,1,1,0,0,0,7064.052628122596
1,0,1,1,1,1,1,1,1,0,1,1,0,0,0,6830.82160292506
1,1,0,0,0,0,0,0,0,1,1,0,1,1,1,7126.010417440435
1,1,0,0,0,0,0,0,1,0,1,0,1,1,1,7207.560638865113
1,1,0,0,0,0,0,1,0,1,1,0,1,1,1,7057.6341649670285
1,1,0,0,0,0,0,1,1,0,1,0,1,1,1,7139.1843863917065
1,1,0,0,0,0,1,0,0,1,1,0,1,1,1,7079.780462119241
1,1,0,0,0,0,1,0,1,0,1,0,1,1,1,7132.281101316838
1,1,0,0,0,0,1,1,0,1,1,0,1,1,1,7094.9255300092545
1,1,0,0,0,0,1,1,1,0,1,0,1,1,1,7147.426169206852
1,1,0,0,0,1,0,0,0,1,1,0,1,0,1,7168.288713246439
1,1,0,0,0,1,0,0,1,0,1,0,1,0,1,7195.3671965347785
1,1,0,0,0,1,0,1,0,1,1,0,1,0,1,7099.912460773032
1,1,0,0,0,1,0,1,1,0,1,0,1,0,1,7126.990944061371
1,1,0,0,0,1,1,0,0,1,1,0,1,0,0,6944.092980805388
1,1,0,0,0,1,1,0,1,0,1,0,1,0,0,6942.121881866646
1,1,0,0,0,1,1,1,0,1,1,1,1,0,0,6879.615668341426
1,1,0,0,0,1,1,1,1,0,1,1,1,0,0,6877.644569402683
1,1,0,0,1,0,0,0,0,1,1,0,0,1,1,7179.177630733863
1,1,0,0,1,0,0,0,1,0,1,0,0,1,1,7094.984151750606
1,1,0,0,1,0,0,1,0,1,1,0,0,1,1,7110.801378260457
1,1,0,0,1,0,0,1,1,0,1,0,0,1,1,7026.607899277199
1,1,0,0,1,0,1,0,0,1,1,0,0,1,1,7132.947675412669
1,1,0,0,1,0,1,0,1,0,1,0,0,1,1,7019.70461420233
1,1,0,0,1,0,1,1,0,1,1,0,0,1,1,7148.092743302682
1,1,0,0,1,0,1,1,1,0,1,0,0,1,1,7034.849682092343
1,1,0,0,1,1,0,0,0,1,1,0,0,0,1,7665.692203574883
1,1,0,0,1,1,0,0,1,0,1,0,0,0,1,7486.932916513686
1,1,0,0,1,1,0,1,0,1,1,0,0,0,1,7597.315951101476
1,1,0,0,1,1,0,1,1,0,1,0,0,0,1,7418.5566640402785
1,1,0,0,1,1,1,0,0,1,1,0,0,0,0,7593.134017038649
1,1,0,0,1,1,1,0,1,0,1,0,0,0,0,7208.536959627917
1,1,0,0,1,1,1,1,0,1,1,1,0,0,0,7705.444892697141
1,1,0,0,1,1,1,1,1,0,1,1,0,0,0,7320.847835286409
1,1,0,1,0,0,0,0,0,1,1,0,1,1,1,6962.871236204262
1,1,0,1,0,0,0,0,1,0,1,0,1,1,1,7044.42145762894
1,1,0,1,0,0,0,1,0,1,1,1,1,1,1,6786.5516824582555
1,1,0,1,0,0,0,1,1,0,1,1,1,1,1,6868.101903882933
1,1,0,1,0,0,1,0,0,1,1,0,1,1,1,6916.641280883067
1,1,0,1,0,0,1,0,1,0,1,0,1,1,1,6969.141920080665
1,1,0,1,0,0,1,1,0,1,1,1,1,1,1,6823.843047500481
1,1,0,1,0,0,1,1,1,0,1,1,1,1,1,6876.343686698079
1,1,0,1,0,1,0,0,0,1,1,0,1,0,1,7005.149532010266
1,1,0,1,0,1,0,0,1,0,1,0,1,0,1,7032.228015298605
1,1,0,1,0,1,0,1,0,1,1,1,1,0,1,6828.829978264259
1,1,0,1,0,1,0,1,1,0,1,1,1,0,1,6855.908461552597
1,1,0,1,0,1,1,0,0,1,1,0,1,0,0,6780.953799569214
1,1,0,1,0,1,1,0,1,0,1,0,1,0,0,6778.982700630472
1,1,0,1,0,1,1,1,0,1,1,1,1,0,0,6663.0049239689915
1,1,0,1,0,1,1,1,1,0,1,1,1,0,0,6661.033825030249
1,1,0,1,1,0,0,0,0,1,1,0,0,1,1,7016.03844949769
1,1,0,1,1,0,0,0,1,0,1,0,0,1,1,6931.844970514432
1,1,0,1,1,0,0,1,0,1,1,1,0,1,1,6839.718895751684
1,1,0,1,1,0,0,1,1,0,1,1,0,1,1,6755.525416768426
1,1,0,1,1,0,1,0,0,1,1,0,0,1,1,6969.8084941764955
1,1,0,1,1,0,1,0,1,0,1,0,0,1,1,6856.565432966157
1,1,0,1,1,0,1,1,0,1,1,1,0,1,1,6877.010260793908
1,1,0,1,1,0,1,1,1,0,1,1,0,1,1,6763.76719958357
1,1,0,1,1,1,0,0,0,1,1,0,0,0,1,7502.5530223387095
1,1,0,1,1,1,0,0,1,0,1,0,0,0,1,7323.7937352775125
1,1,0,1,1,1,0,1,0,1,1,1,0,0,1,7326.233468592703
1,1,0,1,1,1,0,1,1,0,1,1,0,0,1,7147.474181531506
1,1,0,1,1,1,1,0,0,1,1,0,0,0,0,7429.994835802476
1,1,0,1,1,1,1,0,1,0,1,0,0,0,0,7045.3977783917435
1,1,0,1,1,1,1,1,0,1,1,1,0,0,0,7488.834148324707
1,1,0,1,1,1,1,1,1,0,1,1,0,0,0,7104.2370909139745
1,1,1,0,0,0,0,0,0,1,1,0,1,1,1,6760.000220312322
1,1,1,0,0,0,0,0,1,0,1,0,1,1,1,6841.550441737
1,1,1,0,0,0,0,1,0,1,1,0,1,1,1,6901.761323126112
1,1,1,0,0,0,0,1,1,0,1,0,1,1,1,6983.31154455079
1,1,1,0,0,0,1,0,0,1,1,0,1,1,0,6628.920633628868
1,1,1,0,0,0,1,0,1,0,1,0,1,1,0,6681.421272826466
1,1,1,0,0,0,1,1,0,1,1,1,1,1,0,6615.0161192918
1,1,1,0,0,0,1,1,1,0,1,1,1,1,0,6667.516758489399
1,1,1,0,0,1,0,0,0,1,1,0,1,0,1,6802.2785161183265
1,1,1,0,0,1,0,0,1,0,1,0,1,0,1,6829.356999406666
1,1,1,0,0,1,0,1,0,1,1,0,1,0,1,6944.039618932115
1,1,1,0,0,1,0,1,1,0,1,0,1,0,1,6971.118102220455
1,1,1,0,0,1,1,0,0,1,1,0,1,0,0,6734.748575828211
1,1,1,0,0,1,1,0,1,0,1,0,1,0,0,6732.777476889469
1,1,1,0,0,1,1,1,0,1,1,1,1,0,0,6695.693419273507
1,1,1,0,0,1,1,1,1,0,1,1,1,0,0,6693.722320334765
1,1,1,0,1,0,0,0,0,1,1,0,0,1,1,6813.16743360575
1,1,1,0,1,0,0,0,1,0,1,0,0,1,1,6728.973954622493
1,1,1,0,1,0,0,1,0,1,1,0,0,1,1,6954.92853641954
1,1,1,0,1,0,0,1,1,0,1,0,0,1,1,6870.735057436283
1,1,1,0,1,0,1,0,0,1,1,0,0,1,0,6682.087846922296
1,1,1,0,1,0,1,0,1,0,1,0,0,1,0,6568.844785711957
1,1,1,0,1,0,1,1,0,1,1,1,0,1,0,6668.183332585228
1,1,1,0,1,0,1,1,1,0,1,1,0,1,0,6554.94027137489
1,1,1,0,1,1,0,0,0,1,1,0,0,0,1,7299.682006446771
1,1,1,0,1,1,0,0,1,0,1,0,0,0,1,7120.922719385574
1,1,1,0,1,1,0,1,0,1,1,0,0,0,1,7441.44310926056
1,1,1,0,1,1,0,1,1,0,1,0,0,0,1,7262.683822199363
1,1,1,0,1,1,1,0,0,1,1,0,0,0,0,7383.789612061474
1,1,1,0,1,1,1,0,1,0,1,0,0,0,0,6999.192554650741
1,1,1,0,1,1,1,1,0,1,1,1,0,0,0,7521.522643629224
1,1,1,0,1,1,1,1,1,0,1,1,0,0,0,7136.92558621849
1,1,1,1,0,0,0,0,0,1,1,0,1,1,1,6789.721961159242
1,1,1,1,0,0,0,0,1,0,1,0,1,1,1,6871.27218258392
1,1,1,1,0,0,0,1,0,1,1,1,1,1,1,6823.539762700432
1,1,1,1,0,0,0,1,1,0,1,1,1,1,1,6905.089984125109
1,1,1,1,0,0,1,0,0,1,1,0,1,1,0,6658.642374475788
1,1,1,1,0,0,1,0,1,0,1,0,1,1,0,6711.143013673385
1,1,1,1,0,0,1,1,0,1,1,1,1,1,0,6746.931914153317
1,1,1,1,0,0,1,1,1,0,1,1,1,1,0,6799.432553350915
1,1,1,1,0,1,0,0,0,1,1,0,1,0,1,6832.000256965246
1,1,1,1,0,1,0,0,1,0,1,0,1,0,1,6859.078740253585
1,1,1,1,0,1,0,1,0,1,1,1,1,0,1,6865.818058506436
1,1,1,1,0,1,0,1,1,0,1,1,1,0,1,6892.896541794774
1,1,1,1,0,1,1,0,0,1,1,0,1,0,0,6764.470316675131
1,1,1,1,0,1,1,0,1,0,1,0,1,0,0,6762.499217736388
1,1,1,1,0,1,1,1,0,1,1,1,1,0,0,6827.609214135023
1,1,1,1,0,1,1,1,1,0,1,1,1,0,0,6825.6381151962805
1,1,1,1,1,0,0,0,0,1,1,0,0,1,1,6842.88917445267
1,1,1,1,1,0,0,0,1,0,1,0,0,1,1,6758.695695469412
1,1,1,1,1,0,0,1,0,1,1,1,0,1,1,6876.70697599386
1,1,1,1,1,0,0,1,1,0,1,1,0,1,1,6792.513497010603
1,1,1,1,1,0,1,0,0,1,1,0,0,1,0,6711.809587769216
1,1,1,1,1,0,1,0,1,0,1,0,0,1,0,6598.566526558877
1,1,1,1,1,0,1,1,0,1,1,1,0,1,0,6800.099127446744
1,1,1,1,1,0,1,1,1,0,1,1,0,1,0,6686.856066236406
1,1,1,1,1,1,0,0,0,1,1,0,0,0,1,7329.403747293691
1,1,1,1,1,1,0,0,1,0,1,0,0,0,1,7150.644460232494
1,1,1,1,1,1,0,1,0,1,1,1,0,0,1,7363.221548834879
1,1,1,1,1,1,0,1,1,0,1,1,0,0,1,7184.462261773682
1,1,1,1,1,1,1,0,0,1,1,0,0,0,0,7413.511352908394
1,1,1,1,1,1,1,0,1,0,1,0,0,0,0,7028.9142954976605
1,1,1,1,1,1,1,1,0,1,1,1,0,0,0,7653.438438490741
1,1,1,1,1,1,1,1,1,0,1,1,0,0,0,7268.841381080007
